strategy,symbol,sharpe_ratio,drawdown,exposure,total_return,winrate,expectancy
SmaCrossoverStrategy,ETHBTC,-50.68710327190645,-0.8053086654087771,48.79960317460317,-80.41298583377224,0.13527180783817952,-10.165990623738587
SmaCrossoverStrategy,SOLBTC,-41.65039789804201,-0.8413816428026947,47.425595238095234,-83.65077843852053,0.18490566037735848,-10.522110495411397
SmaCrossoverStrategy,BNBBTC,-46.515218029290956,-0.7708531134016416,49.223710317460316,-77.04305445840146,0.17774936061381075,-9.852052999795607
SmaCrossoverStrategy,WBTCBTC,-152.64592723283099,-0.8296414360433062,50.61259920634921,-82.96414360433045,0.0,-9.624610626952489
SmaCrossoverStrategy,DOGEBTC,-45.25630734166697,-0.9706306777035806,48.745039682539684,-97.06306777035806,0.12309368191721133,-10.573318929232899
SmaCrossoverStrategy,XRPBTC,-31.200368543938897,-0.8030095059113292,49.057539682539684,-80.24757366842421,0.1919191919191919,-10.132269402578824
SmaCrossoverStrategy,SUIBTC,-23.284415542684435,-0.7859468185897113,47.782738095238095,-78.49549163526424,0.23741935483870968,-10.128450533582479
SmaCrossoverStrategy,LTCBTC,-26.474264827755867,-0.8201542477327571,49.29315476190476,-81.92627351787407,0.2282208588957055,-10.05230349912566
SmaCrossoverStrategy,TRXBTC,-55.722688458258055,-0.9934643230672625,51.99652777777778,-99.33992930783006,0.08340425531914894,-8.454462068751498
SmaCrossoverStrategy,ADABTC,-31.274570267361035,-0.8381205822414743,48.53670634920635,-83.6388656433666,0.20073891625615764,-10.30035291174466
SmaCrossoverStrategy,MKRBTC,-16.226259750316785,-0.6804854903142371,50.319940476190474,-66.62457049787855,0.2242503259452412,-8.686384680297067
SmaCrossoverStrategy,LINKBTC,-39.86419257838026,-0.8567794082930357,47.36855158730159,-85.65946162038992,0.20256410256410257,-10.981982259024347
SmaCrossoverStrategy,AVAXBTC,-39.77738816481653,-0.8170907024728358,48.71279761904762,-81.52804087021076,0.1987179487179487,-10.452312932078309
SmaCrossoverStrategy,HBARBTC,-36.470974966842675,-0.9747596801169652,47.93154761904762,-97.45310011599477,0.14693446088794926,-10.301596206764772
SmaCrossoverStrategy,DOTBTC,-35.526018419040064,-0.8446816862725549,48.63095238095238,-84.32143765318212,0.1926489226869455,-10.687127712697347
SmaCrossoverStrategy,STXBTC,-36.225369505927766,-0.8346032395373447,47.45039682539682,-83.3748523356812,0.2107904642409034,-10.461085613008937
SmaCrossoverStrategy,BCHBTC,-45.67596649333575,-0.7982989271926988,49.7594246031746,-79.29166865807062,0.17462311557788945,-9.961264906792803
SmaCrossoverStrategy,AAVEBTC,-34.66094975910745,-0.8474763042242714,46.9593253968254,-84.68885086210732,0.20254777070063695,-10.788388644854468
SmaCrossoverStrategy,ARBBTC,-37.89579133320845,-0.8583310270348674,49.104662698412696,-85.79043132608753,0.2181122448979592,-10.942657056898915
SmaCrossoverStrategy,ENABTC,-24.102763679745657,-0.89002982382465,46.16815476190476,-88.71904139160931,0.22715736040609136,-11.258761597919944
SmaCrossoverStrategy,CAKEBTC,-10.858823859950574,-0.7238838538891508,47.16765873015873,-70.66331083959297,0.21804511278195488,-8.855051483658269
SmaCrossoverStrategy,CRVBTC,-31.05622759748228,-0.8658496075216611,47.53968253968254,-86.4746005648798,0.1956241956241956,-11.129292221992259
SmaCrossoverStrategy,NEARBTC,-36.147334590309804,-0.8401762024443518,48.41517857142857,-83.98441600516165,0.2079589216944801,-10.781054686156804
SmaCrossoverStrategy,PAXGBTC,-44.966079897157364,-0.8324002612297918,51.83531746031746,-83.24002612297909,0.14599483204134367,-10.754525338886179
SmaCrossoverStrategy,SBTC,-10.82462593277119,-0.5959710648993015,47.94890873015873,-59.19715050113719,0.3080568720379147,-9.351840521506674
SmaCrossoverStrategy,WLDBTC,-29.544196371374454,-0.856493887829308,48.47470238095239,-85.61718210959621,0.22403003754693368,-10.715542191438821
SmaCrossoverStrategy,ZROBTC,-34.62359965131798,-0.8629781278819157,48.84672619047619,-86.1394803941302,0.21733668341708542,-10.821542763081673
SmaCrossoverStrategy,XLMBTC,-41.25709947491289,-0.9098389733392103,48.16220238095238,-90.94052994678088,0.19876543209876543,-11.227225919355668
SmaCrossoverStrategy,WIFBTC,-26.181278511871973,-0.9112171233723214,47.93402777777778,-90.67002926060991,0.21518987341772153,-11.477218893748088
SmaCrossoverStrategy,NEXOBTC,-58.68817004005049,-0.9631627079003923,48.826884920634924,-96.27073133076404,0.11190965092402463,-9.884058658189325
SmaCrossoverStrategy,BANANABTC,-11.278849245319725,-0.5788348052050298,47.88938492063492,-56.66589904535999,0.27832512315270935,-13.957117991468014
SmaCrossoverStrategy,FETBTC,-35.84353940848745,-0.8964950463447342,47.86210317460318,-89.62307149294865,0.18990384615384615,-10.772003785210197
SmaCrossoverStrategy,TONBTC,-45.7562897463411,-0.8503075094701819,50.535714285714285,-85.03001092891078,0.16604708798017348,-10.536556496767147
SmaCrossoverStrategy,LAYERBTC,-18.127528961848583,-0.8671748297863342,47.98245614035088,-84.686522467738,0.24944320712694878,-18.861140861411585
SmaCrossoverStrategy,ALGOBTC,-35.419901892742985,-0.8905760314345279,47.65376984126984,-88.9801400099936,0.1967654986522911,-11.991932615902115
SmaCrossoverStrategy,AUCTIONBTC,-10.008183503520316,-0.6490754382827701,51.07638888888889,-64.19032338818944,0.28516377649325625,-12.368077724121306
SmaCrossoverStrategy,API3BTC,-31.52411740199443,-0.8845085427564788,48.77480158730159,-88.44651121818005,0.2064516129032258,-11.41245306041033
SmaCrossoverStrategy,TAOBTC,-19.601465360534235,-0.8056605201676719,48.61111111111111,-79.84447876094501,0.2591145833333333,-10.396416505331382
SmaCrossoverStrategy,EOSBTC,-44.036055479633475,-0.8659498703677153,49.71230158730159,-86.32266353502678,0.17829457364341086,-11.152798906334226
SmaCrossoverStrategy,PNUTBTC,-12.212879141162,-0.8399285487837553,46.919642857142854,-80.33583617025485,0.23943661971830985,-14.143633128566014
SmaCrossoverStrategy,NEOBTC,-38.41681642613809,-0.8405754352404892,49.022817460317455,-83.4501606193911,0.17876344086021506,-11.216419438090208
SmaCrossoverStrategy,INJBTC,-31.609183104644956,-0.8600351769895982,48.31845238095238,-85.87621938811562,0.227330779054917,-10.967588683028836
SmaCrossoverStrategy,SUPERBTC,-19.728358275204805,-0.7476703246716196,47.51488095238095,-71.6975451829661,0.2710084033613445,-15.062509492219764
SmaCrossoverStrategy,TIABTC,-19.93694171153044,-0.7930843497197431,47.89186507936508,-77.48322076781395,0.2566137566137566,-10.249103276165863
SmaCrossoverStrategy,CTKBTC,-17.97161320033573,-0.7422290097533093,49.14434523809524,-74.22290097533073,0.24839400428265523,-15.893554812704648
SmaCrossoverStrategy,DYDXBTC,-32.1484811025887,-0.8219400049003679,49.07242063492063,-81.96433508448855,0.2217125382262997,-12.53277294869857
SmaCrossoverStrategy,AXSBTC,-43.48769309600194,-0.8430842920437874,48.56646825396825,-84.26495077889932,0.23412698412698413,-11.14615751043642
SmaCrossoverStrategy,FILBTC,-37.86999627856218,-0.8539111237589416,50.39434523809524,-85.34386644324721,0.2087912087912088,-11.723058577369105
SmaCrossoverStrategy,XTZBTC,-47.12546630519007,-0.8533795808321849,49.21626984126984,-85.3379580832184,0.20107962213225372,-11.516593533497774
SmaCrossoverStrategy,ICPBTC,-48.349245650984905,-0.8825859636620677,49.90823412698413,-88.21882362980506,0.17609254498714652,-11.339180415142042
SmaCrossoverStrategy,STPTBTC,-15.170169536698896,-0.9074037194481839,49.308035714285715,-90.64320406089085,0.21304347826086956,-19.705044361063255
SmaCrossoverStrategy,SANDBTC,-38.23859741765863,-0.8364691741397521,49.07490079365079,-83.58127681483538,0.22727272727272727,-11.512572564026911
SmaCrossoverStrategy,ETCBTC,-50.263450959002334,-0.8386813222718685,49.71478174603175,-83.69766518335086,0.1656288916562889,-10.423121442509443
SmaCrossoverStrategy,QNTBTC,-35.80163950610899,-0.881390204957761,49.66517857142857,-87.83125230085001,0.2139364303178484,-10.73731690719438
SmaCrossoverStrategy,UNIBTC,-40.14898288264134,-0.8544574820367103,46.798115079365076,-85.37996627464794,0.1949367088607595,-10.807590667676962
SmaCrossoverStrategy,ATOMBTC,-42.134597619046794,-0.867637878814747,49.526289682539684,-86.6903027451653,0.1964956195244055,-10.849850155840457
SmaCrossoverStrategy,RUNEBTC,-12.22138757163639,-0.7294825845492048,45.870535714285715,-71.84040077157997,0.22597402597402597,-9.329922178127259
SmaCrossoverStrategy,THETABTC,-35.50789827873255,-0.8485344447122104,48.26388888888889,-83.99041503809872,0.2140077821011673,-10.893698448521238
SmaCrossoverStrategy,BERABTC,-13.568187585281793,-0.7899424286764188,47.64069264069264,-78.50385025325994,0.28363047001620745,-12.723476540236614
SmaCrossoverStrategy,IMXBTC,-33.54759509179628,-0.8444643383546401,47.75297619047619,-84.30687357911721,0.20234604105571846,-12.361711668492244
SmaCrossoverStrategy,VETBTC,-69.93595541415527,-0.999999998913823,47.93154761904762,-99.9999998913823,0.013613861386138614,-12.376237610319594
SmaCrossoverStrategy,SUSHIBTC,-31.32687296952738,-0.8242263647008076,47.75545634920635,-82.1715680364498,0.2358974358974359,-10.53481641492947
SmaCrossoverStrategy,ZECBTC,-35.91887599578331,-0.8961713356155107,49.248511904761905,-89.42208144072507,0.21161290322580645,-11.538333089125803
SmaCrossoverStrategy,OMBTC,-17.18467862814236,-0.8041579009685292,47.36359126984127,-79.98722104911235,0.2147477360931436,-10.347635323300446
SmaCrossoverStrategy,EGLDBTC,-39.93140349296949,-0.8654973734846056,48.854166666666664,-86.54973734846061,0.18902439024390244,-10.554846018104941
SmaCrossoverStrategy,IOTABTC,-33.25788490321264,-0.8848999688934508,47.74305555555556,-88.42353943052018,0.2011173184357542,-12.349656345044725
SmaCrossoverStrategy,SEIBTC,-20.158236515541432,-0.7272154776690929,48.06051587301587,-72.49569183761247,0.23322683706070288,-11.580781443708066
SmaCrossoverStrategy,ENSBTC,-34.243048015109245,-0.836937291278335,47.447916666666664,-83.26539155590362,0.2037037037037037,-11.013940681997846
SmaCrossoverStrategy,COTIBTC,-22.567638936527217,-0.8728466409233788,48.46974206349206,-87.03812931184918,0.14426229508196722,-28.537091577655474
SmaCrossoverStrategy,MANTABTC,-31.382730488608438,-0.8612223685185677,48.241567460317455,-85.97752674008899,0.24133504492939667,-11.036909722732858
SmaCrossoverStrategy,PENDLEBTC,-12.600060347258786,-0.5938643593166183,48.913690476190474,-59.386435931661744,0.2621184919210054,-10.66183768970588
SmaCrossoverStrategy,ONEBTC,-48.25453914473385,-0.999999924812772,45.36954365079365,-99.9999924812772,0.0034482758620689655,-34.48275602802663
SmaCrossoverStrategy,BICOBTC,-22.15934179770775,-0.7028857842015122,48.35069444444444,-70.11465845143657,0.20114942528735633,-20.14789035960819
SmaCrossoverStrategy,RENDERBTC,-31.951127437459615,-0.8298017757369692,48.68055555555556,-82.88650220610062,0.226775956284153,-11.323292651106662
SmaCrossoverStrategy,APTBTC,-29.51190115894313,-0.834253097379604,48.50198412698413,-83.35017295158225,0.19950433705080545,-10.3283981352642
SmaCrossoverStrategy,CFXBTC,-25.936756347884938,-0.825490016232802,50.307539682539684,-81.79085731501803,0.1661631419939577,-24.710228796077963
SmaCrossoverStrategy,OMNIBTC,-29.778534922089175,-0.8587602316654693,49.51388888888889,-85.85044283107595,0.1875,-11.66446234117878
SmaCrossoverStrategy,POLBTC,-39.90600662028461,-0.8749253442747593,48.936011904761905,-87.49253442747587,0.1917024320457797,-12.516814653430039
SmaCrossoverStrategy,SLFBTC,-13.5316196208092,-0.8271082917833984,48.191964285714285,-82.51183238644796,0.2338568935427574,-14.39997074807119
SmaCrossoverStrategy,GRTBTC,-28.031791254344316,-0.8104119743417222,52.53224206349206,-80.84612754881736,0.1424802110817942,-21.331432070928045
SmaCrossoverStrategy,ALTBTC,-21.85950220004,-0.8849098283401553,45.47123015873016,-88.49098283401553,0.09941520467836257,-51.74911276843016
SmaCrossoverStrategy,KDABTC,-34.428568591176386,-0.8733618769488379,48.683035714285715,-87.32356092911485,0.17509727626459143,-11.326013090676378
SmaCrossoverStrategy,WBTC,-17.331274047997198,-0.7007209924034805,49.379960317460316,-66.98250202990418,0.25526315789473686,-17.62697421839583
SmaCrossoverStrategy,ARKMBTC,-27.95079237653238,-0.8844079330631593,48.69791666666667,-88.44079330631594,0.24124513618677043,-11.470920013789353
SmaCrossoverStrategy,PYTHBTC,-18.700128021056035,-0.7030007835956043,49.51884920634921,-70.11781824388461,0.250996015936255,-13.96769287726786
SmaCrossoverStrategy,DASHBTC,-39.14295790021527,-0.8422948740533771,50.08680555555556,-84.10275113661294,0.20078740157480315,-11.037106448374391
SmaCrossoverStrategy,ZENBTC,-17.901363255686697,-0.8085562216098614,48.95337301587301,-79.80381456222379,0.2542372881355932,-12.29642751343972
SmaCrossoverStrategy,MANABTC,-31.052051113569778,-0.7667603536189471,47.988591269841265,-76.53974243700476,0.24143556280587275,-12.486091751550543
SmaCrossoverStrategy,YFIBTC,-29.47029362199401,-0.7042813159738655,49.23363095238095,-70.14692490962891,0.189873417721519,-12.684796547853313
SmaCrossoverStrategy,ADXBTC,-11.863426991112119,-0.4392444900399175,44.71230158730159,-41.93525036459158,0.18421052631578946,-22.071184402416623
SmaCrossoverStrategy,AGLDBTC,-14.720951999632579,-0.7025072671483971,49.16914682539682,-68.82945914000041,0.28,-12.51444711636371
SmaCrossoverStrategy,ZRXBTC,-20.320852668619455,-0.6551423943358314,48.03819444444444,-64.2664676165582,0.26625386996904027,-19.896739200172796
SmaCrossoverStrategy,RAREBTC,-17.86172364771119,-0.7690011662786215,45.520833333333336,-76.90011662786208,0.12195121951219512,-46.890315016989106
SmaCrossoverStrategy,KSMBTC,-24.114895045545815,-0.6964997920735057,49.114583333333336,-69.34893605498243,0.22699386503067484,-14.18178651431132
SmaCrossoverStrategy,ARBTC,-32.711709111804055,-0.8896116311342914,47.50248015873016,-88.77028877065284,0.2425,-11.096286096331607
SmaCrossoverStrategy,AXLBTC,-13.150478374551357,-0.5901281457922969,46.6468253968254,-58.826281711846626,0.2655367231638418,-16.617593703911474
SmaCrossoverStrategy,ACHBTC,-19.65111282816726,-0.9844942899935281,45.24553571428571,-98.20083686328327,0.10775862068965517,-42.32794692382898
SmaCrossoverStrategy,KAVABTC,-14.73589011054903,-0.6656591887297014,48.75992063492063,-64.17517860806491,0.3036529680365297,-14.651867262115282
SmaCrossoverStrategy,FLOWBTC,-34.065973338939486,-0.7420268042537073,49.449404761904766,-73.94480285989687,0.1656441717791411,-15.12163657666606
RsiBollingerStrategy,ETHBTC,-6.355859674309375,-0.25520232273710297,26.011904761904763,-24.456505666059158,0.4393939393939394,-37.055311615241116
RsiBollingerStrategy,SOLBTC,-5.999718059664211,-0.25705030903475357,30.530753968253972,-20.852611636680262,0.449438202247191,-23.429900715371062
RsiBollingerStrategy,BNBBTC,-6.082703917064421,-0.18364488823908076,30.3422619047619,-16.821592300477406,0.4090909090909091,-19.115445795997054
RsiBollingerStrategy,WBTCBTC,-72.79797302151486,-0.335744119757703,35.98462301587302,-33.57441197577031,0.0,-15.836986781023677
RsiBollingerStrategy,DOGEBTC,1.6368715314272309,-0.25496061832908734,32.99107142857143,8.778249567792496,0.7677419354838709,5.663386817930707
RsiBollingerStrategy,XRPBTC,-2.5459776794877875,-0.2631359250256913,28.387896825396826,-14.794938257034119,0.589041095890411,-20.267038708265794
RsiBollingerStrategy,SUIBTC,-3.573305358397893,-0.3162199113615626,32.301587301587304,-22.667790908123497,0.509090909090909,-20.607082643748623
RsiBollingerStrategy,LTCBTC,-1.2323406451220038,-0.21640777192977922,27.061011904761905,-7.830976850917837,0.6590909090909091,-8.89883733058847
RsiBollingerStrategy,TRXBTC,0.7753116645289273,-0.12021235225956317,34.79414682539683,2.234494736212489,0.627906976744186,5.196499386540644
RsiBollingerStrategy,ADABTC,-2.0561208508302045,-0.30661860224605475,34.65525793650794,-15.478197984229759,0.6148148148148148,-11.465331840170247
RsiBollingerStrategy,MKRBTC,-5.531419603337769,-0.31779191803081486,37.03373015873016,-28.16562373096315,0.5450236966824644,-13.348636839319038
RsiBollingerStrategy,LINKBTC,-5.17446180524048,-0.2580816316006881,35.36954365079365,-21.903761282321142,0.5352112676056338,-15.425184001634559
RsiBollingerStrategy,AVAXBTC,-9.635909596211595,-0.40128731243887417,36.845238095238095,-37.18380553322872,0.5266666666666666,-24.78920368881918
RsiBollingerStrategy,HBARBTC,-0.2700681093831167,-0.29475441122394963,31.71626984126984,-6.8071069195480565,0.6043956043956044,-7.480337274228596
RsiBollingerStrategy,DOTBTC,-4.766304578701227,-0.30298405145499163,40.56795634920635,-25.147536866354514,0.5307017543859649,-11.029621432611604
RsiBollingerStrategy,STXBTC,-11.74274380978868,-0.4858062544269265,41.460813492063494,-47.334776172405554,0.5465587044534413,-19.163876992876776
RsiBollingerStrategy,BCHBTC,-8.58276269731465,-0.3691743438003984,37.576884920634924,-32.532263999549635,0.4587628865979381,-16.769208247190537
RsiBollingerStrategy,AAVEBTC,-7.491625377494319,-0.3720955465403659,38.058035714285715,-34.85829153916812,0.5309278350515464,-17.968191515035144
RsiBollingerStrategy,ARBBTC,-10.135524430404187,-0.4871817182800272,40.486111111111114,-47.134045708618984,0.544,-18.853618283447638
RsiBollingerStrategy,ENABTC,-4.278751158459174,-0.3812943990404426,41.03422619047619,-31.577435435403846,0.5955555555555555,-14.03441574906833
RsiBollingerStrategy,CAKEBTC,-4.416915300637151,-0.38871885135328677,33.983134920634924,-29.37645703658738,0.5507246376811594,-21.28728770767205
RsiBollingerStrategy,CRVBTC,-9.917152211300772,-0.5509216891409712,43.45486111111111,-49.462720510050964,0.49615384615384617,-19.024123273096492
RsiBollingerStrategy,NEARBTC,-9.915996809245732,-0.45344167989259,35.68948412698413,-43.60949316403141,0.524390243902439,-26.591154368311813
RsiBollingerStrategy,PAXGBTC,-7.388331315319531,-0.19928502656760194,34.957837301587304,-16.947908732298178,0.41818181818181815,-6.162875902653919
RsiBollingerStrategy,SBTC,-5.2317668586138435,-0.43600504358647674,41.18799603174603,-32.91776839348736,0.5909090909090909,-12.468851664199732
RsiBollingerStrategy,WLDBTC,-6.463820352291203,-0.32212317585902617,34.98759920634921,-30.914193197342065,0.5568181818181818,-35.12976499697958
RsiBollingerStrategy,ZROBTC,-8.70243132854367,-0.47541801449657106,39.80654761904761,-42.66156245735863,0.5584415584415584,-18.46820885599941
RsiBollingerStrategy,XLMBTC,-0.760493169140291,-0.24936251352786654,39.56845238095238,-6.399882769697562,0.6610169491525424,-2.7118147329226865
RsiBollingerStrategy,WIFBTC,-1.266505715571241,-0.31799602464860444,36.00942460317461,-11.818628877665871,0.6086956521739131,-6.423167868296723
RsiBollingerStrategy,NEXOBTC,2.1950490946560284,-0.07048458149779746,30.900297619047617,8.299385733434029,0.6524822695035462,5.886089172648237
RsiBollingerStrategy,BANANABTC,-10.997453424640947,-0.5108107221655185,49.74454365079365,-50.90089285761249,0.5872340425531914,-21.65995440749467
RsiBollingerStrategy,FETBTC,-4.39302325823068,-0.26859543224590854,32.75049603174603,-24.31567447877565,0.58,-16.210449652517102
RsiBollingerStrategy,TONBTC,-6.616858170811679,-0.31125410283309096,38.1969246031746,-27.344743904912328,0.4672131147540984,-11.206862256111615
RsiBollingerStrategy,LAYERBTC,-1.0211553252065797,-0.23249629265473948,37.005582137161085,-6.687682690549568,0.6068965517241379,-4.612194958999751
RsiBollingerStrategy,ALGOBTC,-2.148629054166289,-0.32271971002559363,44.33779761904762,-15.537844644983867,0.6632996632996633,-5.231597523563597
RsiBollingerStrategy,AUCTIONBTC,-6.097871172408072,-0.3707322794229211,41.063988095238095,-36.11183164837608,0.6055776892430279,-14.38718392365585
RsiBollingerStrategy,API3BTC,-6.656751074195361,-0.43027767098105174,40.05704365079365,-34.32242439663161,0.5954198473282443,-13.100161983447205
RsiBollingerStrategy,TAOBTC,-2.252176560748788,-0.2824298902578096,33.30605158730159,-17.69218734615754,0.5637583892617449,-11.873951239031946
RsiBollingerStrategy,EOSBTC,-10.519882072307134,-0.4492282622859095,42.25694444444444,-43.02430972607117,0.46484375,-16.806370986746572
RsiBollingerStrategy,PNUTBTC,-1.1635615196277123,-0.3081188342506478,45.24057539682539,-17.371658073113107,0.6046511627906976,-6.733200803532249
RsiBollingerStrategy,NEOBTC,-11.649007756642838,-0.4665207479181439,40.989583333333336,-44.289280796301554,0.450354609929078,-15.705418722092741
RsiBollingerStrategy,INJBTC,-9.532532627531761,-0.5075582968210044,40.02728174603175,-46.782581532228726,0.5898617511520737,-21.55879333282433
RsiBollingerStrategy,SUPERBTC,-12.269900293368885,-0.5696186607974445,44.96279761904762,-54.06046749213682,0.5379061371841155,-19.516414257089096
RsiBollingerStrategy,TIABTC,-8.095553405113575,-0.448788571019195,40.83085317460318,-44.054276202627626,0.5783582089552238,-16.438162762174553
RsiBollingerStrategy,CTKBTC,0.6596919014435835,-0.17532987075718742,39.73710317460317,1.5938981824402898,0.6507936507936508,0.8433323716615249
RsiBollingerStrategy,DYDXBTC,-7.553038496319566,-0.4745797375481734,40.35962301587301,-41.87613583830701,0.5730337078651685,-15.683946006856559
RsiBollingerStrategy,AXSBTC,-11.375108209021827,-0.45214534347169977,42.43551587301587,-43.80284951251727,0.5918367346938775,-14.898928405618113
RsiBollingerStrategy,FILBTC,-7.582574310169974,-0.4391256662729496,39.8561507936508,-37.94534664060518,0.6515151515151515,-14.373237363865583
RsiBollingerStrategy,XTZBTC,-11.836672298455555,-0.4531589893776764,42.83482142857143,-43.33749516152705,0.494949494949495,-14.591749212635401
RsiBollingerStrategy,ICPBTC,-6.631495898155779,-0.2863968835415396,39.479166666666664,-26.44193776206273,0.5333333333333333,-9.277872898969367
RsiBollingerStrategy,STPTBTC,9.754944868105289,-0.2517401344575416,42.61904761904762,158.93251125332205,0.6651785714285714,70.95201395237586
RsiBollingerStrategy,SANDBTC,-10.205204771470225,-0.5105193212853925,44.06001984126984,-46.24536408763399,0.6289308176100629,-14.54256732315536
RsiBollingerStrategy,ETCBTC,-6.66043613041375,-0.3178639355446955,32.51984126984127,-25.872499547738627,0.49390243902439024,-15.775914358377271
RsiBollingerStrategy,QNTBTC,-5.124529840572173,-0.2988772806940049,40.10416666666667,-24.51224462147167,0.5737051792828686,-9.765834510546501
RsiBollingerStrategy,UNIBTC,-10.91431105725779,-0.45493779763932063,42.28670634920635,-44.54057466883887,0.4553191489361702,-18.953436029293137
RsiBollingerStrategy,ATOMBTC,-6.571767543553858,-0.36592574808995826,40.042162698412696,-29.69913213734966,0.5854545454545454,-10.799684413581714
RsiBollingerStrategy,RUNEBTC,-8.93958931361481,-0.521261832779502,33.93105158730159,-51.87454692198643,0.5034013605442177,-35.28880742992274
RsiBollingerStrategy,THETABTC,-10.842334962202797,-0.4966293467492484,42.33134920634921,-45.98397891712056,0.5229007633587787,-17.55113699126741
RsiBollingerStrategy,BERABTC,1.82997790224492,-0.20284777941010224,34.92888064316636,9.278446175020605,0.6724137931034483,5.332440330471677
RsiBollingerStrategy,IMXBTC,-8.785356268395942,-0.479917782955566,45.32242063492063,-41.199477130063634,0.5353535353535354,-13.871877821570259
RsiBollingerStrategy,VETBTC,24.573876007637217,-0.08108108108108292,27.921626984126984,19674.23096344157,0.9619565217391305,10692.516827957372
RsiBollingerStrategy,SUSHIBTC,-6.60069260950342,-0.39539009375234824,35.90525793650794,-34.087070872610035,0.6223404255319149,-18.131420676920225
RsiBollingerStrategy,ZECBTC,-5.139627925255502,-0.3103135681114101,43.23660714285714,-27.192783308354805,0.5743243243243243,-9.186751117687454
RsiBollingerStrategy,OMBTC,2.919813988768105,-0.15700822333362308,39.16914682539683,14.34952012815025,0.6186440677966102,6.080305139046722
RsiBollingerStrategy,EGLDBTC,-10.182618199266603,-0.5060437037439124,41.65426587301587,-44.58075847237516,0.5023923444976076,-21.330506446112537
RsiBollingerStrategy,IOTABTC,-2.912922557997099,-0.32540353770270214,40.61507936507937,-20.184122507817413,0.6212624584717608,-6.705688540803102
RsiBollingerStrategy,SEIBTC,-7.606986483403102,-0.3827455533742151,43.23660714285714,-37.85085217248705,0.5454545454545454,-13.763946244540744
RsiBollingerStrategy,ENSBTC,-8.00542767166632,-0.3864743648051099,42.135416666666664,-37.82343724842418,0.525096525096525,-14.603643725260293
RsiBollingerStrategy,COTIBTC,5.998126326455704,-0.3094744175791274,46.04414682539682,59.16196608962472,0.6610169491525424,33.424839598658046
RsiBollingerStrategy,MANTABTC,-8.99427905206942,-0.4680825883185079,40.37202380952381,-42.0761488668549,0.6081632653061224,-17.173938313001976
RsiBollingerStrategy,PENDLEBTC,-8.85241025065357,-0.5114668098698806,46.245039682539684,-48.05260033826109,0.5740072202166066,-17.34750914738666
RsiBollingerStrategy,ONEBTC,33.705946355684596,-0.1250000000000001,43.467261904761905,1282270.9453635216,0.872093023255814,745506.3635834428
RsiBollingerStrategy,BICOBTC,-3.7349674074358816,-0.314668926825471,44.59821428571429,-22.046781798362847,0.6176470588235294,-9.2633536967911
RsiBollingerStrategy,RENDERBTC,-7.432633301604056,-0.43189693631491166,40.27777777777778,-39.45732696112496,0.545816733067729,-15.720050582121523
RsiBollingerStrategy,APTBTC,-9.100101337249583,-0.47563590340314477,39.03521825396825,-42.14529527063965,0.5068493150684932,-19.24442706421901
RsiBollingerStrategy,CFXBTC,5.083848836075737,-0.29696626718964203,38.13740079365079,38.619166266303395,0.6666666666666666,18.13106397479033
RsiBollingerStrategy,OMNIBTC,-9.47481566700443,-0.47679979488996527,42.11805555555556,-46.54531197261109,0.5131578947368421,-15.310957885727355
RsiBollingerStrategy,POLBTC,-3.339375830361797,-0.30717163889611676,40.761408730158735,-18.711393619243044,0.6566666666666666,-6.2371312064144
RsiBollingerStrategy,SLFBTC,-4.162299441226649,-0.2888863088954805,41.94940476190476,-26.676081321396204,0.5615942028985508,-9.665246855578346
RsiBollingerStrategy,GRTBTC,0.19934641354567617,-0.27921424902582503,42.805059523809526,-1.643026147672555,0.5714285714285714,-0.7823934036536357
RsiBollingerStrategy,ALTBTC,3.85266978187181,-0.33880651099657744,40.06944444444444,36.50720752284735,0.6309523809523809,43.460961336723
RsiBollingerStrategy,KDABTC,-4.28153014278732,-0.32183393104549585,39.46924603174603,-25.046511724624978,0.5797101449275363,-9.074823088632279
RsiBollingerStrategy,WBTC,-6.42225272384733,-0.38602300862057504,45.58779761904762,-37.655590324334064,0.5532786885245902,-15.432618985382778
RsiBollingerStrategy,ARKMBTC,-10.068151052489872,-0.5957526416985668,42.29414682539683,-58.70187889771916,0.5298507462686567,-21.90368615586537
RsiBollingerStrategy,PYTHBTC,-8.287302101445166,-0.45809446653653296,45.93501984126984,-44.46710237999662,0.5461254612546126,-16.40852486346735
RsiBollingerStrategy,DASHBTC,-10.864620021585427,-0.4555569627465945,41.56498015873016,-42.57802548405441,0.5182481751824818,-15.539425359143921
RsiBollingerStrategy,ZENBTC,-6.656419840735989,-0.5085886721815795,43.17212301587301,-45.62330447402293,0.5591397849462365,-16.352438879578166
RsiBollingerStrategy,MANABTC,-9.73261427570017,-0.4493641742850111,42.579365079365076,-42.04328635751043,0.6163934426229508,-13.784684051642783
RsiBollingerStrategy,YFIBTC,-12.681595358920775,-0.46311013077832275,44.59077380952381,-45.40179575006277,0.4175824175824176,-16.630694413942386
RsiBollingerStrategy,ADXBTC,-1.9306605020065684,-0.1382933611971785,48.88392857142857,-8.02575681673192,0.5597014925373134,-5.989370758755111
RsiBollingerStrategy,AGLDBTC,-9.584128923017103,-0.4918082425880548,44.27827380952381,-47.528440349200785,0.52,-17.283069217891214
RsiBollingerStrategy,ZRXBTC,-6.553578691617097,-0.3630323982601604,49.19642857142857,-32.08685620971009,0.6262135922330098,-15.5761437911214
RsiBollingerStrategy,RAREBTC,5.96024868758396,-0.29495864980881026,52.160218253968246,51.09572120104164,0.6578947368421053,44.82080807108922
RsiBollingerStrategy,KSMBTC,-12.004407816967896,-0.5162414626195766,44.85863095238095,-50.584972249093774,0.4777327935222672,-20.47974584983553
RsiBollingerStrategy,ARBTC,-9.886313433292477,-0.5573334749331573,40.24305555555556,-53.02559776212614,0.5555555555555556,-21.041903873859553
RsiBollingerStrategy,AXLBTC,-11.175548856940713,-0.4898830314171829,48.648313492063494,-48.420745444486116,0.5305164319248826,-22.73274434013429
RsiBollingerStrategy,ACHBTC,15.074247727042648,-0.217353226564437,53.15972222222223,805.0549856771871,0.672,644.0439885417499
RsiBollingerStrategy,KAVABTC,-3.7110545081552133,-0.321724860196937,44.151785714285715,-16.415406916969786,0.5857740585774058,-6.868371094966395
RsiBollingerStrategy,FLOWBTC,-7.855993865338777,-0.3835621723587078,44.273313492063494,-33.39110289068705,0.475177304964539,-11.840816627903237
VolumeSpikeBreakoutStrategy,ETHBTC,-44.70965653938355,-0.6657895192701322,22.415674603174605,-66.33020426150806,0.1402439024390244,-13.481748833639877
VolumeSpikeBreakoutStrategy,SOLBTC,-38.995083270383645,-0.7173852102640488,24.055059523809526,-71.63861652100002,0.18530884808013356,-11.95970225726212
VolumeSpikeBreakoutStrategy,BNBBTC,-39.59818817082628,-0.6480894412537321,26.666666666666668,-64.7645377894369,0.18855218855218855,-10.903120839972516
VolumeSpikeBreakoutStrategy,WBTCBTC,-91.35891012061519,-0.5233770643861447,36.23759920634921,-52.33770643861473,0.0,-14.578748311591847
VolumeSpikeBreakoutStrategy,DOGEBTC,-32.609238134758286,-0.8360975780378463,25.376984126984127,-83.57528114935513,0.0781758957654723,-27.22321861542514
VolumeSpikeBreakoutStrategy,XRPBTC,-41.42197110231096,-0.789549323488854,23.8343253968254,-78.91928781134072,0.14408233276157806,-13.536756056833742
VolumeSpikeBreakoutStrategy,SUIBTC,-23.5856026462489,-0.7125230986447599,26.361607142857142,-71.1297626218323,0.23462783171521034,-11.509670327157341
VolumeSpikeBreakoutStrategy,LTCBTC,-29.22721084703343,-0.7896404784638851,27.81001984126984,-77.82957085448561,0.21680672268907564,-13.080600143611026
VolumeSpikeBreakoutStrategy,TRXBTC,-32.676243954689,-0.8152420193460546,15.203373015873014,-81.52420193460532,0.03111111111111111,-36.23297863760237
VolumeSpikeBreakoutStrategy,ADABTC,-27.995752258388936,-0.7269047575198214,24.45436507936508,-71.22333560304654,0.2033195020746888,-14.776625643785584
VolumeSpikeBreakoutStrategy,MKRBTC,-22.193536276428496,-0.7273423094115463,35.33978174603175,-72.29550712922224,0.22009569377990432,-11.530383912156662
VolumeSpikeBreakoutStrategy,LINKBTC,-37.03957518592957,-0.7627858835755588,26.232638888888886,-76.1878964628187,0.18600682593856654,-13.001347519252333
VolumeSpikeBreakoutStrategy,AVAXBTC,-37.36755871670582,-0.7297624773375719,27.916666666666668,-72.45255840495055,0.21752738654147105,-11.338428545375677
VolumeSpikeBreakoutStrategy,HBARBTC,-25.63929389621967,-0.8123117694068416,17.797619047619047,-80.86102676503148,0.13768115942028986,-29.29747346559109
VolumeSpikeBreakoutStrategy,DOTBTC,-25.68119862111133,-0.6581531137609558,26.87003968253968,-65.57493990384489,0.20722891566265061,-15.801190338275887
VolumeSpikeBreakoutStrategy,STXBTC,-31.647194567361304,-0.7453051655952577,31.339285714285715,-74.53051655952552,0.23389830508474577,-12.632290942292478
VolumeSpikeBreakoutStrategy,BCHBTC,-48.584418012141874,-0.7530183206826876,30.19097222222222,-75.11844837315871,0.14622641509433962,-11.811076788232498
VolumeSpikeBreakoutStrategy,AAVEBTC,-33.38464271528121,-0.7866988494298794,29.404761904761905,-78.48418056003848,0.21646341463414634,-11.96405191464002
VolumeSpikeBreakoutStrategy,ARBBTC,-31.092418898279348,-0.7363617541464738,31.788194444444446,-73.28778740543358,0.23354564755838642,-15.560039788839415
VolumeSpikeBreakoutStrategy,ENABTC,-22.03971423112795,-0.8189340062294495,29.407242063492063,-81.42589152666517,0.23834196891191708,-14.063193700633025
VolumeSpikeBreakoutStrategy,CAKEBTC,-11.051066541763847,-0.6563378962369881,27.534722222222225,-65.4769059763861,0.22790697674418606,-10.151458290912586
VolumeSpikeBreakoutStrategy,CRVBTC,-25.320113811877352,-0.7574873439301919,32.142857142857146,-75.48454430577299,0.22058823529411764,-13.875835350325922
VolumeSpikeBreakoutStrategy,NEARBTC,-36.36215974164124,-0.7936505336108067,30.840773809523807,-79.19805667794431,0.2303370786516854,-11.123322567127008
VolumeSpikeBreakoutStrategy,PAXGBTC,-48.548793732515584,-0.8227244155888505,37.34375,-82.25454446415227,0.1430678466076696,-12.131938711526875
VolumeSpikeBreakoutStrategy,SBTC,-6.1853076147248744,-0.4071327821777525,37.470238095238095,-37.01841253530197,0.3373493975903614,-7.433416171747414
VolumeSpikeBreakoutStrategy,WLDBTC,-29.199290314951103,-0.78225081398525,24.09970238095238,-77.95662557136957,0.2159709618874773,-14.148207907689557
VolumeSpikeBreakoutStrategy,ZROBTC,-30.352531402818354,-0.7901497241171185,34.92063492063492,-78.75030122612723,0.2465564738292011,-10.847148929218587
VolumeSpikeBreakoutStrategy,XLMBTC,-38.11592891646536,-0.8206856771379537,27.56448412698413,-82.03350062284511,0.17317073170731706,-20.00817088362076
VolumeSpikeBreakoutStrategy,WIFBTC,-22.900143749726272,-0.8210302734107687,28.730158730158728,-81.56430146386059,0.2571912013536379,-13.801066237539851
VolumeSpikeBreakoutStrategy,NEXOBTC,-60.92343936550965,-0.9584181251170494,35.461309523809526,-95.79911883124137,0.09034653465346534,-11.856326588024924
VolumeSpikeBreakoutStrategy,BANANABTC,-9.927899133473263,-0.5064156037295122,44.45684523809524,-50.641560372951375,0.27298050139275765,-14.106284226448853
VolumeSpikeBreakoutStrategy,FETBTC,-28.400981632280615,-0.774093947926024,27.395833333333336,-76.46672757279875,0.21364452423698385,-13.72831733802489
VolumeSpikeBreakoutStrategy,TONBTC,-44.186072886306704,-0.8039738802675436,33.56150793650794,-80.39738802675417,0.15629522431259044,-11.634933144248052
VolumeSpikeBreakoutStrategy,LAYERBTC,-13.450586124278802,-0.7793292213262347,39.31818181818182,-68.88189936429171,0.2612137203166227,-18.17464363173924
VolumeSpikeBreakoutStrategy,ALGOBTC,-27.08309872230505,-0.7607097200452322,30.761408730158728,-75.69808441531409,0.2,-18.924521103828514
VolumeSpikeBreakoutStrategy,AUCTIONBTC,-12.667561108448654,-0.6614704280826833,44.54117063492063,-65.42556896443776,0.27442827442827444,-13.60198938969598
VolumeSpikeBreakoutStrategy,API3BTC,-24.392098699677305,-0.778065893525963,35.629960317460316,-77.80658935259615,0.2642740619902121,-12.69275519618208
VolumeSpikeBreakoutStrategy,TAOBTC,-19.297145446136867,-0.7377275681004518,29.427083333333332,-72.67518800065108,0.2774390243902439,-11.0785347561968
VolumeSpikeBreakoutStrategy,EOSBTC,-34.43149455365453,-0.7469098374468492,34.73710317460317,-74.15897646459193,0.1951219512195122,-13.913504027127928
VolumeSpikeBreakoutStrategy,PNUTBTC,-13.794243544980418,-0.8117293865521603,36.24007936507937,-80.64705540902139,0.24181360201511334,-20.314119750383213
VolumeSpikeBreakoutStrategy,NEOBTC,-40.92014407855482,-0.8300010298352603,38.71031746031746,-82.20944952215932,0.17099236641221374,-12.551060995749506
VolumeSpikeBreakoutStrategy,INJBTC,-26.50836831193753,-0.7540525358800882,30.68204365079365,-75.19452469747064,0.2546583850931677,-11.676168431284234
VolumeSpikeBreakoutStrategy,SUPERBTC,-15.024419659954734,-0.6275356082216507,43.95337301587301,-61.56618817732399,0.27546296296296297,-14.251432448454615
VolumeSpikeBreakoutStrategy,TIABTC,-16.192053979808026,-0.6683475729920128,31.35168650793651,-64.45670574293992,0.2714285714285714,-13.154429743457115
VolumeSpikeBreakoutStrategy,CTKBTC,-15.401022541145416,-0.6615020672875997,42.170138888888886,-66.15020672875991,0.2838283828382838,-21.831751395630324
VolumeSpikeBreakoutStrategy,DYDXBTC,-24.349506133385134,-0.694380059123879,40.04712301587301,-68.97427328471464,0.2448210922787194,-12.989505326688242
VolumeSpikeBreakoutStrategy,AXSBTC,-27.800339998740867,-0.6701585941588721,39.260912698412696,-66.79918038259447,0.280561122244489,-13.386609295109112
VolumeSpikeBreakoutStrategy,FILBTC,-28.895316790883754,-0.689159544812366,29.833829365079367,-68.91595448123644,0.2032967032967033,-18.93295452781222
VolumeSpikeBreakoutStrategy,XTZBTC,-34.72176663483854,-0.7222438936424983,35.97470238095239,-72.18860040842294,0.2392086330935252,-12.983561224536468
VolumeSpikeBreakoutStrategy,ICPBTC,-37.434688653384654,-0.7689505366514238,34.34027777777778,-76.88825985320197,0.17518248175182483,-14.030704352774109
VolumeSpikeBreakoutStrategy,STPTBTC,-9.117939066894596,-0.7408597005223756,40.89285714285714,-73.50906225132803,0.2542372881355932,-24.918326186890873
VolumeSpikeBreakoutStrategy,SANDBTC,-28.473582051621563,-0.6884488701257117,34.62549603174603,-68.63380097045322,0.2544642857142857,-15.320044859476152
VolumeSpikeBreakoutStrategy,ETCBTC,-46.44962992392392,-0.7461103545518175,28.730158730158728,-74.45309421857019,0.16905901116427433,-11.87449668557737
VolumeSpikeBreakoutStrategy,QNTBTC,-38.863551561211416,-0.8728169818810272,36.254960317460316,-87.01088508576696,0.20058997050147492,-12.833463876956763
VolumeSpikeBreakoutStrategy,UNIBTC,-30.66370341170143,-0.7185018350443133,31.800595238095237,-71.63398117837386,0.2264808362369338,-12.479787661737578
VolumeSpikeBreakoutStrategy,ATOMBTC,-28.175427065911627,-0.6935887161928285,33.936011904761905,-68.74119083679837,0.25308641975308643,-14.144277949958504
VolumeSpikeBreakoutStrategy,RUNEBTC,-13.822540278048079,-0.7142195502492007,28.067956349206348,-68.55939109196822,0.26418152350081037,-11.111732753965669
VolumeSpikeBreakoutStrategy,THETABTC,-35.491594384121285,-0.8156628491116048,36.30704365079365,-80.6486473438427,0.23219373219373218,-11.488411302541685
VolumeSpikeBreakoutStrategy,BERABTC,-16.370004873356162,-0.8583091655265542,35.90290661719233,-82.93326831973992,0.2733224222585925,-13.573366337109647
VolumeSpikeBreakoutStrategy,IMXBTC,-26.334747854816346,-0.748489908174633,38.648313492063494,-74.78913464912141,0.25411334552102377,-13.672602312453634
VolumeSpikeBreakoutStrategy,VETBTC,-31.128399247844595,-0.9996229205616634,39.23859126984127,-99.96229205616633,0.0,-41.30673225461418
VolumeSpikeBreakoutStrategy,SUSHIBTC,-28.260055746054956,-0.7272920098195026,28.335813492063494,-72.3396751704328,0.24645390070921985,-12.826183540856896
VolumeSpikeBreakoutStrategy,ZECBTC,-32.94255501497375,-0.8546971372489324,38.02827380952381,-85.19674833802551,0.23387096774193547,-11.451175851885136
VolumeSpikeBreakoutStrategy,OMBTC,-17.43935986511932,-0.7779772186019237,34.28323412698413,-76.67362594202991,0.20674486803519063,-11.242467146925204
VolumeSpikeBreakoutStrategy,EGLDBTC,-36.67189984673893,-0.8137401557674742,33.742559523809526,-81.19433189554933,0.18611111111111112,-11.27699054104852
VolumeSpikeBreakoutStrategy,IOTABTC,-25.077170614418826,-0.7380779341104902,31.68402777777778,-73.61821650370636,0.17191977077363896,-21.094044843468858
VolumeSpikeBreakoutStrategy,SEIBTC,-19.021487708363498,-0.6623204766767248,35.426587301587304,-65.93096754739089,0.23366834170854273,-16.565569735525354
VolumeSpikeBreakoutStrategy,ENSBTC,-33.700742704213944,-0.8103479208270457,37.59176587301587,-80.68038982595176,0.20254957507082152,-11.427817255800523
VolumeSpikeBreakoutStrategy,COTIBTC,-14.766062872023259,-0.7243556080662468,40.15376984126984,-72.18494718072309,0.1717171717171717,-36.457044030668186
VolumeSpikeBreakoutStrategy,MANTABTC,-25.761717740819122,-0.7701905534022029,37.12549603174603,-76.74141775670535,0.2673434856175973,-12.98501146475556
VolumeSpikeBreakoutStrategy,PENDLEBTC,-11.871468287230906,-0.5492105995453738,42.99107142857143,-54.60602127230053,0.26877470355731226,-10.791703808755024
VolumeSpikeBreakoutStrategy,ONEBTC,-35.47431044571099,-0.9999843542076049,40.45138888888889,-99.99843542076049,0.0,-54.34697577215244
VolumeSpikeBreakoutStrategy,BICOBTC,-17.554480555939598,-0.6081845565652344,46.041666666666664,-60.16641868298633,0.20610687022900764,-22.96428194007112
VolumeSpikeBreakoutStrategy,RENDERBTC,-38.39424673277394,-0.8567677002480496,37.43055555555556,-85.4658646176676,0.20249653259361997,-11.853795369995517
VolumeSpikeBreakoutStrategy,APTBTC,-24.78663538895586,-0.721744537058554,30.68948412698413,-71.94556597301069,0.2137546468401487,-13.372781779370019
VolumeSpikeBreakoutStrategy,CFXBTC,-19.674478081023526,-0.7250134748001511,47.43551587301587,-71.46541809340613,0.17391304347826086,-31.071920910176573
VolumeSpikeBreakoutStrategy,OMNIBTC,-27.342543278489163,-0.8016713999801579,40.054563492063494,-80.07183304014636,0.22108843537414966,-13.617658680296984
VolumeSpikeBreakoutStrategy,POLBTC,-34.91938587810606,-0.7884138211509305,34.74702380952381,-78.75683219347502,0.17857142857142858,-20.091028620784442
VolumeSpikeBreakoutStrategy,SLFBTC,-11.312579944955761,-0.7395389000348724,41.86011904761905,-73.75612030014065,0.2528473804100228,-16.800938564952286
VolumeSpikeBreakoutStrategy,GRTBTC,-19.83412881528583,-0.6669786786497929,45.09176587301587,-66.16725768974672,0.13924050632911392,-27.918674130694814
VolumeSpikeBreakoutStrategy,ALTBTC,-12.514179320276565,-0.7015613922123112,45.0843253968254,-68.48844769950058,0.13402061855670103,-70.60664711288716
VolumeSpikeBreakoutStrategy,KDABTC,-30.2256969020513,-0.805120477649887,36.09375,-79.84679771821042,0.20097244732576985,-12.941134152060073
VolumeSpikeBreakoutStrategy,WBTC,-15.696192930710295,-0.6588058088277085,44.608134920634924,-62.018870727632944,0.2689655172413793,-21.38581749228723
VolumeSpikeBreakoutStrategy,ARKMBTC,-19.535800427397213,-0.7434387557540988,36.69394841269841,-73.83180339946645,0.27586206896551724,-11.572382977972786
VolumeSpikeBreakoutStrategy,PYTHBTC,-13.58039571906884,-0.573489023796242,41.401289682539684,-57.08716451781793,0.2734584450402145,-15.304869843918976
VolumeSpikeBreakoutStrategy,DASHBTC,-38.542225506768354,-0.8078105025919122,37.87202380952381,-80.5856304473511,0.19515669515669515,-11.479434536659685
VolumeSpikeBreakoutStrategy,ZENBTC,-18.220695803572326,-0.7957731968273123,42.59424603174603,-77.96772317460358,0.2582781456953642,-12.908563439503911
VolumeSpikeBreakoutStrategy,MANABTC,-23.949770098222988,-0.6353504178502392,38.1969246031746,-63.04919064063586,0.254320987654321,-15.56770139274959
VolumeSpikeBreakoutStrategy,YFIBTC,-22.61980713571277,-0.616475462819789,40.09920634920635,-61.109603656834864,0.2164705882352941,-14.378730272196423
VolumeSpikeBreakoutStrategy,ADXBTC,-8.371739072330227,-0.35989257773661365,42.857142857142854,-30.56929360884759,0.20588235294117646,-22.47742177121162
VolumeSpikeBreakoutStrategy,AGLDBTC,-13.257468865404375,-0.6388382491753051,42.67609126984127,-63.10655904242866,0.29831932773109243,-13.257680471098457
VolumeSpikeBreakoutStrategy,ZRXBTC,-14.088070662109589,-0.508790042600094,42.889384920634924,-49.20773413710903,0.32142857142857145,-19.526878625836932
VolumeSpikeBreakoutStrategy,RAREBTC,-13.864350683096497,-0.6621889422992335,42.46527777777778,-66.21889422992335,0.11382113821138211,-53.836499373921484
VolumeSpikeBreakoutStrategy,KSMBTC,-21.371179966643975,-0.6346396279021848,44.31051587301587,-63.04325025865292,0.24018475750577367,-14.559642092067644
VolumeSpikeBreakoutStrategy,ARBTC,-34.6590622822035,-0.8635007335847695,33.14732142857143,-86.07337129236917,0.2343987823439878,-13.10096975530734
VolumeSpikeBreakoutStrategy,AXLBTC,-7.451938038656665,-0.39723158083897403,43.199404761904766,-39.44883790201712,0.3037542662116041,-13.46376720205361
VolumeSpikeBreakoutStrategy,ACHBTC,-17.367663482829748,-0.9678736656321791,34.813988095238095,-96.2631531599574,0.1095890410958904,-65.933666547916
VolumeSpikeBreakoutStrategy,KAVABTC,-9.731395243558927,-0.4974646013592593,42.36359126984127,-46.00332516392206,0.3216216216216216,-12.433331125384363
VolumeSpikeBreakoutStrategy,FLOWBTC,-30.561457010118392,-0.6859126254928504,44.59573412698413,-68.09416291566878,0.18414322250639387,-17.41538693495363
